id,name,last_name,email,gender
1,Lanita,Maraga,lmaraga0@bloglines.com,Female
2,Joleen,Lamburne,jlamburne1@mapy.cz,Female
3,Joseph,Ranahan,jranahan2@taobao.com,Male
4,Deva,Blaker,dblaker3@bandcamp.com,Female
5,Irving,Picott,ipicott4@cbsnews.com,Male
6,Garrott,Fieldgate,gfieldgate5@nba.com,Male
7,Willie,Gee,wgee6@telegraph.co.uk,Female
8,Sully,,scolqueran7@ed.gov,Male
9,Jason,Kidstone,jkidstone8@wp.com,Male
10,Bobinette,Hernik,bhernik9@creativecommons.org,Female
11,Elle,Petrov,epetrova@state.tx.us,Female
12,Angie,Lancley,alancleyb@prlog.org,Male
13,Stephan,Emma,semmac@webnode.com,Male
14,Rand,Baigent,rbaigentd@squidoo.com,Male
15,Alfonso,Eliasson,aeliassone@disqus.com,Male
16,Sloan,Tremayle,,Male
17,Ginnie,Harper,gharperg@omniture.com,Female
18,Tabbatha,Harte,tharteh@amazon.com,Female
19,Rafaello,Soldner,rsoldneri@wired.com,Male
20,Bartholomew,Sedge,bsedgej@hubpages.com,Male
21,Grannie,Gasperi,ggasperik@nytimes.com,Male
22,Cammie,Gouth,cgouthl@cornell.edu,Female
23,Gayleen,Tibbotts,gtibbottsm@aol.com,Female
24,Mart,Prydden,mpryddenn@foxnews.com,Male
25,Roderich,Kees,rkeeso@huffingtonpost.com,Male
26,Avrit,Arrault,aarraultp@mail.ru,Female
27,Monica,Molloy,mmolloyq@nature.com,Female
28,Abrahan,Howgate,ahowgater@discovery.com,Male
29,Cathrine,Austin,caustins@omniture.com,Female
30,Dani,Fossord,dfossordt@livejournal.com,Male
31,Merline,Barnwille,mbarnwilleu@miitbeian.gov.cn,Female
32,Ernst,De Maria,edemariav@wisc.edu,Male
33,Lyell,Bater,lbaterw@bandcamp.com,Male
34,Lebbie,Domenico,ldomenicox@smh.com.au,Female
35,Kirbee,Stuck,kstucky@google.ca,Female
36,Goldina,MacShane,gmacshanez@microsoft.com,Female
37,Catherina,Grishanov,cgrishanov10@webmd.com,Female
38,Arlene,Dorrity,adorrity11@eventbrite.com,Female
39,Davon,Wims,dwims12@google.com.br,Male
40,Kendell,McPherson,kmcpherson13@paypal.com,Male
41,Andres,Laity,alaity14@google.com.hk,Male
42,Jack,Casewell,jcasewell15@devhub.com,Male
43,Angeli,Rickwood,arickwood16@intel.com,Male
44,Vernice,Mouth,vmouth17@mtv.com,Female
45,Jerrold,Dzenisenka,jdzenisenka18@google.com.au,Male
46,Aleta,Lempenny,alempenny19@privacy.gov.au,Female
47,Mitch,Varcoe,,Male
48,Elston,Shireff,eshireff1b@unc.edu,Male
49,Holli,Carnier,hcarnier1c@yelp.com,Female
50,Sarene,Cadwell,scadwell1d@archive.org,Female
51,Agathe,Haton,ahaton1e@geocities.jp,Female
52,Harlan,Axelbey,haxelbey1f@shop-pro.jp,Male
53,Sigmund,Sprake,ssprake1g@diigo.com,Male
54,Nanice,Ridett,nridett1h@buzzfeed.com,Female
55,Any,Foch,afoch1i@nymag.com,Male
56,Celka,Laval,claval1j@google.ca,Female
57,Carlos,Hutsby,chutsby1k@infoseek.co.jp,Male
58,Anthiathia,Hully,ahully1l@google.ca,Female
59,Wain,Mayze,wmayze1m@java.com,Male
60,Tawsha,Campkin,tcampkin1n@hibu.com,Female
61,Corey,Duffil,cduffil1o@squarespace.com,Female
62,Margalit,Thickpenny,mthickpenny1p@vistaprint.com,Female
63,Pasquale,,prastall1q@businesswire.com,Male
64,Svend,Imlach,simlach1r@msu.edu,Male
65,Jeddy,Barrable,jbarrable1s@flickr.com,Male
66,Noak,Jovis,njovis1t@squidoo.com,Male
67,Glyn,Manchett,gmanchett1u@hatena.ne.jp,Male
68,Eve,Pauer,epauer1v@reference.com,Female
69,Napoleon,Tatham,ntatham1w@geocities.com,Male
70,Kiel,Pauer,kpauer1x@elegantthemes.com,Male
71,Farra,Gowler,fgowler1y@si.edu,Female
72,Rich,Zaple,rzaple1z@forbes.com,Male
73,Annelise,Christol,achristol20@shinystat.com,Female
74,Itch,Lebel,ilebel21@i2i.jp,Male
75,Lemuel,Rigby,lrigby22@sakura.ne.jp,Male
76,Elvera,Lammertz,elammertz23@digg.com,Female
77,Claybourne,Gatley,cgatley24@wikispaces.com,Male
78,Humfrid,Schofield,hschofield25@adobe.com,Male
79,Fair,Nelthorp,fnelthorp26@nih.gov,Male
80,Bevin,Crowter,bcrowter27@omniture.com,Male
81,Brant,McCullen,bmccullen28@about.me,Male
82,Dulcinea,Simonnot,dsimonnot29@miitbeian.gov.cn,Female
83,Joby,Fivey,jfivey2a@flavors.me,Female
84,Mason,Dabling,mdabling2b@slashdot.org,Male
85,Howey,Abys,habys2c@facebook.com,Male
86,Beckie,Allibone,ballibone2d@flickr.com,Female
87,Mike,Whetton,mwhetton2e@umich.edu,Male
88,Darcy,Giacoppoli,dgiacoppoli2f@sciencedaily.com,Male
89,Lezley,Boss,lboss2g@auda.org.au,Male
90,Rosalind,Doull,rdoull2h@cloudflare.com,Female
91,Iorgo,Isoldi,,Male
92,Demetrius,Dines,ddines2j@aboutads.info,Male
93,Peterus,Mingey,pmingey2k@furl.net,Male
94,Jo,Ruilton,jruilton2l@freewebs.com,Male
95,Graig,Aizikowitz,gaizikowitz2m@1und1.de,Male
96,Otto,Mabbott,omabbott2n@blogtalkradio.com,Male
97,Lauraine,Jaine,ljaine2o@dailymail.co.uk,Female
98,Lester,Blaw,lblaw2p@google.ca,Male
99,Lazarus,Peatt,lpeatt2q@furl.net,Male
100,Genovera,Gumary,ggumary2r@reuters.com,Female
101,Thia,Mushet,tmushet2s@businessinsider.com,Female
102,Arden,Boor,aboor2t@youku.com,Female
103,Mayer,Jearum,mjearum2u@who.int,Male
104,Uriel,Lamplough,ulamplough2v@blinklist.com,Male
105,Filbert,Pellington,fpellington2w@newsvine.com,Male
106,Shandra,Pedroni,spedroni2x@elpais.com,Female
107,Devina,Tarbatt,dtarbatt2y@bigcartel.com,Female
108,Byrle,Pencost,bpencost2z@example.com,Male
109,Rita,Darch,rdarch30@github.com,Female
110,Templeton,Colebourn,tcolebourn31@gmpg.org,Male
111,Quintus,Shills,qshills32@multiply.com,Male
112,Corrinne,Biddwell,cbiddwell33@topsy.com,Female
113,Antoine,Archbutt,aarchbutt34@flavors.me,Male
114,Gaylene,Ring,gring35@businesswire.com,Female
115,Garold,Kopecka,gkopecka36@tmall.com,Male
116,Sholom,Kohnert,skohnert37@ucla.edu,Male
117,Odille,Gerring,ogerring38@multiply.com,Female
118,Worth,Kipling,wkipling39@ucla.edu,Male
119,Rabbi,Faulkener,rfaulkener3a@hatena.ne.jp,Male
120,Roosevelt,Wagge,rwagge3b@nih.gov,Male
121,Brenda,Boggers,bboggers3c@vinaora.com,Female
122,Art,Henniger,ahenniger3d@virginia.edu,Male
123,Tomlin,Emmerson,temmerson3e@baidu.com,Male
124,Andrei,Fennelow,afennelow3f@delicious.com,Female
125,Roxanne,Nurdin,rnurdin3g@vinaora.com,Female
126,Melania,Tring,mtring3h@over-blog.com,Female
127,Loydie,O'Dreain,lodreain3i@discovery.com,Male
128,Roi,Strete,rstrete3j@ftc.gov,Male
129,Lissi,Thomesson,lthomesson3k@constantcontact.com,Female
130,Kip,Ible,kible3l@cbslocal.com,Male
131,Adelaide,Nemchinov,anemchinov3m@tumblr.com,Female
132,Aluino,Coatman,acoatman3n@mayoclinic.com,Male
133,Zolly,MacConnechie,zmacconnechie3o@newyorker.com,Male
134,Vonni,Waldram,vwaldram3p@google.co.jp,Female
135,Richmond,Stirling,rstirling3q@springer.com,Male
136,Kalie,Chislett,kchislett3r@guardian.co.uk,Female
137,Courtnay,Alfonsini,calfonsini3s@mtv.com,Male
138,Augy,Meneely,ameneely3t@weather.com,Male
139,Fredia,Habergham,fhabergham3u@sitemeter.com,Female
140,Morganica,Pennycuick,mpennycuick3v@miibeian.gov.cn,Female
141,Wilhelm,Deveril,wdeveril3w@reuters.com,Male
142,Blake,Onge,bonge3x@wsj.com,Male
143,Hildegaard,Poag,hpoag3y@photobucket.com,Female
144,Adriana,Linney,alinney3z@irs.gov,Female
145,Crista,Boake,cboake40@berkeley.edu,Female
146,Willette,Twitching,wtwitching41@loc.gov,Female
147,Reeva,McBlain,rmcblain42@goo.ne.jp,Female
148,Rowland,Macconaghy,rmacconaghy43@tiny.cc,Male
149,Wilmer,Grenshiels,wgrenshiels44@surveymonkey.com,Male
150,Rustie,Philipsohn,rphilipsohn45@myspace.com,Male
151,Alford,Chalcraft,achalcraft46@1688.com,Male
152,Jennica,Bugbird,jbugbird47@hostgator.com,Female
153,Ferguson,Aslin,faslin48@vk.com,Male
154,Kessia,Decent,kdecent49@wikipedia.org,Female
155,Jecho,Medgewick,jmedgewick4a@diigo.com,Male
156,Elijah,Whooley,ewhooley4b@google.pl,Male
157,Justis,Rydings,jrydings4c@constantcontact.com,Male
158,Othella,Wheelhouse,owheelhouse4d@yahoo.co.jp,Female
159,Freddie,Treen,ftreen4e@google.com.br,Female
160,Lemmy,Dancer,ldancer4f@salon.com,Male
161,Judi,Harman,jharman4g@delicious.com,Female
162,Lanie,Shardlow,lshardlow4h@msu.edu,Male
163,Olive,Grooby,ogrooby4i@google.es,Female
164,Nyssa,Delicate,ndelicate4j@nps.gov,Female
165,Catherina,Stamper,cstamper4k@reuters.com,Female
166,Genia,Draye,gdraye4l@about.com,Female
167,Phelia,Holburn,pholburn4m@google.ca,Female
168,Deerdre,Zecchinii,dzecchinii4n@google.co.uk,Female
169,Tremayne,Matejic,tmatejic4o@slashdot.org,Male
170,Audre,Allanby,aallanby4p@tinypic.com,Female
171,Justine,Bagger,jbagger4q@cdc.gov,Female
172,Teodoor,Swainger,tswainger4r@microsoft.com,Male
173,Ramsay,Kiellor,rkiellor4s@sfgate.com,Male
174,Ricard,Wemm,rwemm4t@narod.ru,Male
175,Camella,Hartzog,chartzog4u@nytimes.com,Female
176,Kaiser,Redrup,kredrup4v@paginegialle.it,Male
177,Wayne,Mowbury,wmowbury4w@t.co,Male
178,Vale,Marcus,vmarcus4x@biglobe.ne.jp,Female
179,Fedora,Carah,fcarah4y@moonfruit.com,Female
180,Charlton,Scurlock,cscurlock4z@cnn.com,Male
181,Hetty,Raiston,hraiston50@about.com,Female
182,Vlad,Gadd,vgadd51@symantec.com,Male
183,Adaline,Ojeda,aojeda52@cpanel.net,Female
184,Jack,Prando,jprando53@arstechnica.com,Male
185,Lissi,O'Growgane,logrowgane54@behance.net,Female
186,Garnet,Rehm,grehm55@yelp.com,Female
187,Dorena,Blindt,dblindt56@twitter.com,Female
188,Orlan,Santorini,osantorini57@dyndns.org,Male
189,Godart,Harmar,gharmar58@blogspot.com,Male
190,Cazzie,Oswick,coswick59@blogspot.com,Male
191,Tyson,Whaley,twhaley5a@weather.com,Male
192,Cord,Earey,cearey5b@house.gov,Male
193,Ashlie,Alen,aalen5c@netlog.com,Female
194,Raphael,Roswarn,rroswarn5d@de.vu,Male
195,Urban,Cicullo,ucicullo5e@hugedomains.com,Male
196,Gabbey,Wolver,gwolver5f@people.com.cn,Female
197,Meryl,Zellmer,mzellmer5g@google.com,Female
198,Elwyn,Proschke,eproschke5h@narod.ru,Male
199,Nora,McGrory,nmcgrory5i@foxnews.com,Female
200,Jacinda,Dafforne,jdafforne5j@ihg.com,Female
201,Paulette,Simison,psimison5k@ustream.tv,Female
202,Esdras,Stillwell,estillwell5l@washington.edu,Male
203,Astra,Zelner,azelner5m@ehow.com,Female
204,Harrison,Pattenden,hpattenden5n@skyrock.com,Male
205,Katlin,Fosh,kfosh5o@arizona.edu,Female
206,Bear,Echallier,bechallier5p@earthlink.net,Male
207,Nilson,Tommen,ntommen5q@gov.uk,Male
208,Carolyne,Elflain,celflain5r@bing.com,Female
209,Jamill,Petrenko,jpetrenko5s@phoca.cz,Male
210,Shanda,Armstrong,sarmstrong5t@upenn.edu,Female
211,Cosette,Tantum,ctantum5u@whitehouse.gov,Female
212,Regina,Solesbury,rsolesbury5v@economist.com,Female
213,Kendal,Halsted,khalsted5w@ftc.gov,Male
214,Valentina,Gaze,vgaze5x@comcast.net,Female
215,Marleen,Bratchell,mbratchell5y@timesonline.co.uk,Female
216,Griz,Johanchon,gjohanchon5z@japanpost.jp,Male
217,Yankee,Richt,yricht60@printfriendly.com,Male
218,Seka,Terbruggen,sterbruggen61@dailymail.co.uk,Female
219,Keene,Bence,kbence62@nba.com,Male
220,Vance,Cheatle,vcheatle63@nsw.gov.au,Male
221,Melly,Palfrey,mpalfrey64@1und1.de,Female
222,Yetty,Stidworthy,ystidworthy65@marriott.com,Female
223,Nicolais,Towl,ntowl66@parallels.com,Male
224,Birgitta,Hatchman,bhatchman67@squarespace.com,Female
225,Hamlin,Powles,hpowles68@purevolume.com,Male
226,Dyane,Deery,ddeery69@sitemeter.com,Female
227,Catlaina,Teffrey,cteffrey6a@reference.com,Female
228,Meris,Kenney,mkenney6b@who.int,Female
229,Issie,Skamell,iskamell6c@nymag.com,Female
230,Jobey,Moss,jmoss6d@php.net,Female
231,Catherine,O'Loghlen,cologhlen6e@quantcast.com,Female
232,Nichole,Ferrara,nferrara6f@reuters.com,Male
233,Oliviero,Veschambre,oveschambre6g@nydailynews.com,Male
234,Rogers,Guillard,rguillard6h@facebook.com,Male
235,Ethelred,Pettiward,epettiward6i@oaic.gov.au,Male
236,Lin,Northgraves,lnorthgraves6j@unicef.org,Female
237,Koenraad,Pledger,kpledger6k@engadget.com,Male
238,Colet,Shipp,cshipp6l@paginegialle.it,Male
239,Cherry,Raikes,craikes6m@blogger.com,Female
240,Arthur,Pauncefoot,apauncefoot6n@usa.gov,Male
241,Dre,Emanuele,demanuele6o@jugem.jp,Female
242,Corabella,McGuinness,cmcguinness6p@dedecms.com,Female
243,Malissia,Mattia,mmattia6q@oakley.com,Female
244,Frederigo,Topes,ftopes6r@t.co,Male
245,Codi,Sextie,csextie6s@un.org,Female
246,Garvin,Sterley,gsterley6t@harvard.edu,Male
247,Luciana,Wyre,lwyre6u@dedecms.com,Female
248,Joana,Byk,jbyk6v@wiley.com,Female
249,Francklyn,Etter,fetter6w@shop-pro.jp,Male
250,Adela,O Sullivan,aosullivan6x@stumbleupon.com,Female
251,Sigfried,Davidovics,sdavidovics6y@chron.com,Male
252,Vasily,Gambie,vgambie6z@usgs.gov,Male
253,Audrey,Brosoli,abrosoli70@chron.com,Female
254,Theo,Yve,tyve71@buzzfeed.com,Male
255,Nerissa,Dowry,ndowry72@accuweather.com,Female
256,Lidia,Brewitt,lbrewitt73@flickr.com,Female
257,Hector,Pailin,hpailin74@usda.gov,Male
258,Marleen,Samways,msamways75@alibaba.com,Female
259,Fredek,Pablo,fpablo76@t-online.de,Male
260,Fina,Hartman,fhartman77@yale.edu,Female
261,Eugene,Winfindine,ewinfindine78@ehow.com,Male
262,Hasheem,Northgraves,hnorthgraves79@biblegateway.com,Male
263,Kaylyn,Bolesworth,kbolesworth7a@weibo.com,Female
264,Staffard,Sutehall,ssutehall7b@php.net,Male
265,Letta,Slograve,lslograve7c@google.it,Female
266,Roxanne,Oneile,roneile7d@twitter.com,Female
267,Angel,Gantley,agantley7e@cpanel.net,Female
268,Jade,Frankom,jfrankom7f@miibeian.gov.cn,Female
269,Othelia,Drivers,odrivers7g@ucoz.com,Female
270,Kalinda,Doog,kdoog7h@fc2.com,Female
271,Lamond,Housley,lhousley7i@bbb.org,Male
272,Helaine,Custance,hcustance7j@plala.or.jp,Female
273,Joleen,Loving,jloving7k@wikipedia.org,Female
274,Blayne,Beecheno,bbeecheno7l@globo.com,Male
275,Maryanna,Sliman,msliman7m@amazon.de,Female
276,Alexio,le Keux,alekeux7n@xrea.com,Male
277,Kerk,Pyffe,kpyffe7o@un.org,Male
278,Lambert,Nunes Nabarro,lnunesnabarro7p@plala.or.jp,Male
279,Odell,Leidl,oleidl7q@businessweek.com,Male
280,Briney,Minnock,bminnock7r@amazonaws.com,Female
281,Eryn,Perceval,eperceval7s@house.gov,Female
282,Jamie,Bloxsome,jbloxsome7t@geocities.com,Male
283,Christopher,Eadon,ceadon7u@github.com,Male
284,Giustino,Perigeaux,gperigeaux7v@chron.com,Male
285,Chicky,Pougher,cpougher7w@merriam-webster.com,Female
286,Brockie,Dutnell,bdutnell7x@pinterest.com,Male
287,Rebecka,Harte,rharte7y@digg.com,Female
288,Fabien,Bartlett,fbartlett7z@archive.org,Male
289,Dalia,Johananov,djohananov80@nationalgeographic.com,Female
290,Wakefield,Holbarrow,wholbarrow81@toplist.cz,Male
291,Frederick,Briance,fbriance82@dagondesign.com,Male
292,Randolf,Morten,rmorten83@usgs.gov,Male
293,Nels,Barthrup,nbarthrup84@nyu.edu,Male
294,Dicky,Poker,dpoker85@instagram.com,Male
295,Bonita,Dombrell,bdombrell86@ehow.com,Female
296,Nestor,Gresch,ngresch87@printfriendly.com,Male
297,Esta,Ascrofte,eascrofte88@bbb.org,Female
298,Welby,Leworthy,wleworthy89@webs.com,Male
299,Leonelle,Whitwam,lwhitwam8a@youtube.com,Female
300,Claudianus,Wormald,cwormald8b@nsw.gov.au,Male
301,Ulla,Morriarty,umorriarty8c@ftc.gov,Female
302,Elliott,MacFarland,emacfarland8d@nytimes.com,Male
303,Hurlee,Boshere,hboshere8e@mapquest.com,Male
304,Asa,Rae,arae8f@goodreads.com,Male
305,Gay,Yellowlees,gyellowlees8g@answers.com,Female
306,Tadeas,Phipson,tphipson8h@feedburner.com,Male
307,Violet,Ivashev,vivashev8i@opensource.org,Female
308,Wye,Sor,wsor8j@jiathis.com,Male
309,Monah,Caston,mcaston8k@topsy.com,Female
310,Joelie,Rigge,jrigge8l@lycos.com,Female
311,Cory,Brightwell,cbrightwell8m@liveinternet.ru,Female
312,Helsa,Reyna,hreyna8n@engadget.com,Female
313,Honey,Tabner,htabner8o@youtube.com,Female
314,Rosalia,Gronno,rgronno8p@prlog.org,Female
315,Averyl,Antoney,aantoney8q@theatlantic.com,Female
316,Cassy,Greest,cgreest8r@archive.org,Female
317,Dasi,Heppenspall,dheppenspall8s@live.com,Female
318,Esteban,Scneider,escneider8t@etsy.com,Male
319,Vachel,Dunstan,vdunstan8u@sun.com,Male
320,Jillie,Hawyes,jhawyes8v@fastcompany.com,Female
321,Falkner,Lilliman,flilliman8w@vk.com,Male
322,Ethelin,Brogan,ebrogan8x@shareasale.com,Female
323,Adrianna,Strotone,astrotone8y@patch.com,Female
324,Ferguson,Thorald,fthorald8z@over-blog.com,Male
325,Leone,Wakelin,lwakelin90@google.com.hk,Female
326,Tilda,Derrick,tderrick91@google.fr,Female
327,Dionisio,Brouncker,dbrouncker92@nationalgeographic.com,Male
328,Sib,Zywicki,szywicki93@facebook.com,Female
329,Holly,Di Giorgio,hdigiorgio94@jalbum.net,Male
330,Roshelle,Wontner,rwontner95@reverbnation.com,Female
331,Rochester,Stockwell,rstockwell96@hp.com,Male
332,Darrick,Neilands,dneilands97@miitbeian.gov.cn,Male
333,Rosie,Allpress,rallpress98@paginegialle.it,Female
334,Oralia,Choake,ochoake99@miibeian.gov.cn,Female
335,Sabine,Sandever,ssandever9a@cpanel.net,Female
336,Holmes,Rolfi,hrolfi9b@hexun.com,Male
337,Yetta,McCalum,ymccalum9c@facebook.com,Female
338,Olva,Hargie,ohargie9d@cnbc.com,Female
339,Odella,Papez,opapez9e@mozilla.org,Female
340,Carce,Whitechurch,cwhitechurch9f@weebly.com,Male
341,Torin,Janman,tjanman9g@digg.com,Male
342,Conroy,Varren,cvarren9h@dyndns.org,Male
343,Lorilyn,Wegener,lwegener9i@go.com,Female
344,Codee,Thrower,cthrower9j@sbwire.com,Female
345,Vaughn,Toffanelli,vtoffanelli9k@multiply.com,Male
346,Kaspar,Gilleon,kgilleon9l@a8.net,Male
347,Dylan,Coultass,dcoultass9m@archive.org,Male
348,Sophie,Ceaser,sceaser9n@friendfeed.com,Female
349,Wyndham,Fardy,wfardy9o@about.me,Male
350,Hyacinth,Leftly,hleftly9p@army.mil,Female
351,Christopher,Cuesta,ccuesta9q@xing.com,Male
352,Wendell,Farfolomeev,wfarfolomeev9r@mozilla.com,Male
353,Hasty,Mickleborough,hmickleborough9s@prnewswire.com,Male
354,Bernie,Lynthal,blynthal9t@simplemachines.org,Female
355,Loria,Atwel,latwel9u@state.tx.us,Female
356,Abner,LaBastida,alabastida9v@ucoz.ru,Male
357,Symon,Castagnaro,scastagnaro9w@stumbleupon.com,Male
358,Maryann,Croux,mcroux9x@so-net.ne.jp,Female
359,Salli,Welfare,swelfare9y@miibeian.gov.cn,Female
360,Wolfy,Burnie,wburnie9z@acquirethisname.com,Male
361,Enos,Mazzei,emazzeia0@yellowbook.com,Male
362,Pattie,Walklott,pwalklotta1@nsw.gov.au,Female
363,Kev,Nosworthy,knosworthya2@bloglovin.com,Male
364,Templeton,Daelman,tdaelmana3@linkedin.com,Male
365,Sybil,Goudard,sgoudarda4@a8.net,Female
366,Chrisse,Mattingly,cmattinglya5@pen.io,Male
367,Stu,Gutherson,sguthersona6@springer.com,Male
368,Brinna,Bazylets,bbazyletsa7@zimbio.com,Female
369,Holly,Nornable,hnornablea8@cmu.edu,Female
370,Carlyle,Gossage,cgossagea9@irs.gov,Male
371,Minta,D'Costa,mdcostaaa@fda.gov,Female
372,Raviv,Sircombe,rsircombeab@mediafire.com,Male
373,Chester,Cabotto,ccabottoac@weather.com,Male
374,Rafi,Pheazey,rpheazeyad@ustream.tv,Male
375,Dennison,Kilian,dkilianae@sciencedirect.com,Male
376,Abbott,Summerson,asummersonaf@ft.com,Male
377,Becca,Covington,bcovingtonag@mtv.com,Female
378,Sanson,Stead,ssteadah@drupal.org,Male
379,Sascha,Antonietti,santoniettiai@biblegateway.com,Female
380,Annice,Thacke,athackeaj@craigslist.org,Female
381,Harri,Ferrulli,hferrulliak@youtu.be,Female
382,Clifford,Fishleigh,cfishleighal@baidu.com,Male
383,Rochella,Widdowes,rwiddowesam@mysql.com,Female
384,Eulalie,Bligh,eblighan@gov.uk,Female
385,Lorilee,Hissett,lhissettao@wikispaces.com,Female
386,Godiva,Haythornthwaite,ghaythornthwaiteap@xinhuanet.com,Female
387,Ainslie,Ors,aorsaq@exblog.jp,Female
388,Jedd,Walkinshaw,jwalkinshawar@comcast.net,Male
389,Thelma,Capelen,tcapelenas@sun.com,Female
390,Kattie,Spira,kspiraat@adobe.com,Female
391,Ninnetta,Gaddie,ngaddieau@weather.com,Female
392,Gabbey,Hame,ghameav@4shared.com,Female
393,Hogan,Linforth,hlinforthaw@adobe.com,Male
394,Betteann,Ibbett,bibbettax@who.int,Female
395,Biron,Fortune,bfortuneay@fema.gov,Male
396,Sarita,Shottin,sshottinaz@berkeley.edu,Female
397,Raymund,Branston,rbranstonb0@yahoo.co.jp,Male
398,Nollie,Cluderay,ncluderayb1@tripod.com,Male
399,Claretta,Volet,cvoletb2@flickr.com,Female
400,Consuela,Simchenko,csimchenkob3@jalbum.net,Female
401,Emmet,Burgis,eburgisb4@economist.com,Male
402,Michele,Cullnean,mcullneanb5@weebly.com,Female
403,Fayina,Goad,fgoadb6@livejournal.com,Female
404,Cissiee,Dowse,cdowseb7@mashable.com,Female
405,Codee,Robathon,crobathonb8@networksolutions.com,Female
406,Jule,Tourmell,jtourmellb9@oaic.gov.au,Male
407,Victor,Poter,vpoterba@webeden.co.uk,Male
408,Thedric,Kopisch,tkopischbb@theatlantic.com,Male
409,Clovis,Giraldo,cgiraldobc@upenn.edu,Female
410,Nerissa,Shalcros,nshalcrosbd@liveinternet.ru,Female
411,Erhart,Eddins,eeddinsbe@google.com.hk,Male
412,Aile,Nears,anearsbf@bizjournals.com,Female
413,Guy,Digweed,gdigweedbg@unc.edu,Male
414,Alli,Peegrem,apeegrembh@loc.gov,Female
415,Lem,Iggalden,liggaldenbi@auda.org.au,Male
416,Virginie,Kullmann,vkullmannbj@livejournal.com,Female
417,Allix,Harby,aharbybk@themeforest.net,Female
418,Oran,Debow,odebowbl@who.int,Male
419,Kimmie,Lively,klivelybm@thetimes.co.uk,Female
420,Jacquetta,Brixham,jbrixhambn@ustream.tv,Female
421,Lyndsey,Rumens,lrumensbo@oracle.com,Female
422,Bobinette,Catford,bcatfordbp@linkedin.com,Female
423,Jory,Senogles,jsenoglesbq@geocities.jp,Male
424,Ira,Quinn,iquinnbr@mapy.cz,Female
425,Rockey,Nani,rnanibs@hatena.ne.jp,Male
426,Lin,Thome,lthomebt@bravesites.com,Male
427,Kalinda,Wight,kwightbu@usgs.gov,Female
428,Glenna,Ubsdall,gubsdallbv@guardian.co.uk,Female
429,Elset,Morrissey,emorrisseybw@whitehouse.gov,Female
430,Godard,Devers,gdeversbx@wikia.com,Male
431,Anatola,Lambarth,alambarthby@tamu.edu,Female
432,Phylis,Buckbee,pbuckbeebz@redcross.org,Female
433,Shaylah,Garfitt,sgarfittc0@elpais.com,Female
434,Loise,Butters,lbuttersc1@live.com,Female
435,Aldin,Paulson,apaulsonc2@shutterfly.com,Male
436,Gael,Castilljo,gcastilljoc3@unicef.org,Male
437,Hyatt,Frankton,hfranktonc4@webs.com,Male
438,Olive,Farre,ofarrec5@51.la,Female
439,Trudi,Instone,tinstonec6@ebay.com,Female
440,Giuditta,Oneill,goneillc7@japanpost.jp,Female
441,Iorgos,Hulk,ihulkc8@trellian.com,Male
442,Fabe,Meert,fmeertc9@elegantthemes.com,Male
443,Hank,Roj,hrojca@dagondesign.com,Male
444,Carline,Wettern,cwetterncb@addtoany.com,Female
445,Gustavo,Ezzell,gezzellcc@phoca.cz,Male
446,Issi,Fawcus,ifawcuscd@ning.com,Female
447,Cathyleen,Sexton,csextonce@freewebs.com,Female
448,Raquela,Spinozzi,rspinozzicf@xrea.com,Female
449,Briant,Swinglehurst,bswinglehurstcg@blogger.com,Male
450,Lyndy,Chong,lchongch@altervista.org,Female
451,Marlowe,Slight,mslightci@intel.com,Male
452,Yorgo,Raffon,yraffoncj@europa.eu,Male
453,Perla,Renison,prenisonck@naver.com,Female
454,Sydel,Golt,sgoltcl@amazon.co.jp,Female
455,Deloris,Evers,deverscm@virginia.edu,Female
456,Brent,Bruhnicke,bbruhnickecn@seattletimes.com,Male
457,Ilene,O'Kinneally,iokinneallyco@mysql.com,Female
458,Serge,Coucha,scouchacp@posterous.com,Male
459,Cristobal,Bunner,cbunnercq@sbwire.com,Male
460,Terencio,Gives,tgivescr@vimeo.com,Male
461,Lockwood,Dyte,ldytecs@wiley.com,Male
462,Base,Bolding,bboldingct@mozilla.org,Male
463,Aylmer,Wilden,awildencu@123-reg.co.uk,Male
464,Vanya,Grevatt,vgrevattcv@blogspot.com,Male
465,Randie,Chantrell,rchantrellcw@merriam-webster.com,Female
466,Dilly,Aumerle,daumerlecx@geocities.com,Male
467,Townie,Burnhill,tburnhillcy@feedburner.com,Male
468,Vilhelmina,Packington,vpackingtoncz@lycos.com,Female
469,Gwenora,Van der Beek,gvanderbeekd0@stanford.edu,Female
470,Quinta,Macveigh,qmacveighd1@craigslist.org,Female
471,Bliss,Cheavin,bcheavind2@npr.org,Female
472,Cory,Charsley,ccharsleyd3@naver.com,Male
473,Maryrose,Pargent,mpargentd4@symantec.com,Female
474,Janel,Brazur,jbrazurd5@freewebs.com,Female
475,Brendan,Colvill,bcolvilld6@disqus.com,Male
476,Currie,Chadwell,cchadwelld7@washington.edu,Male
477,Ingmar,Higford,ihigfordd8@wsj.com,Male
478,Carline,Zohrer,czohrerd9@netlog.com,Female
479,Blondy,Berkowitz,bberkowitzda@issuu.com,Female
480,Kalle,Jzhakov,kjzhakovdb@nba.com,Male
481,Hector,Laurencot,hlaurencotdc@nsw.gov.au,Male
482,Jourdain,L'oiseau,jloiseaudd@github.com,Male
483,Leonora,Lotterington,llotteringtonde@tripod.com,Female
484,Athena,McGlashan,amcglashandf@trellian.com,Female
485,Town,Sousa,tsousadg@howstuffworks.com,Male
486,Vlad,Oxley,voxleydh@imdb.com,Male
487,Roberto,Spurr,rspurrdi@dropbox.com,Male
488,Rhodie,Glantz,rglantzdj@lulu.com,Female
489,Cori,Shepherdson,cshepherdsondk@yandex.ru,Male
490,Oberon,Lynas,olynasdl@dedecms.com,Male
491,Colver,Hodgins,chodginsdm@seesaa.net,Male
492,Beatriz,Cully,bcullydn@tmall.com,Female
493,Guido,Rubertelli,grubertellido@thetimes.co.uk,Male
494,Dahlia,Sketchley,dsketchleydp@eepurl.com,Female
495,Andra,Beakes,abeakesdq@jugem.jp,Female
496,Morganne,Kennet,mkennetdr@cnet.com,Female
497,Ethan,Blyde,eblydeds@nps.gov,Male
498,Asa,Ivel,aiveldt@devhub.com,Male
499,Beret,Eyeington,beyeingtondu@parallels.com,Female
500,Michele,Ruckert,mruckertdv@tmall.com,Female
501,Cointon,Heymann,cheymanndw@taobao.com,Male
502,Kimbell,Ewbank,kewbankdx@hc360.com,Male
503,Lucille,Hourihane,lhourihanedy@webnode.com,Female
504,Cross,Boynton,cboyntondz@stumbleupon.com,Male
505,Barde,Sowten,bsowtene0@upenn.edu,Male
506,Vasily,Gilli,vgillie1@sciencedaily.com,Male
507,Dannie,Tosh,dtoshe2@ovh.net,Female
508,Orel,Clayal,oclayale3@oaic.gov.au,Female
509,Emelen,Scare,escaree4@dmoz.org,Male
510,Lindy,Daviot,ldaviote5@indiatimes.com,Female
511,Padget,Lorentz,plorentze6@cdc.gov,Male
512,Dominique,Ewers,dewerse7@usgs.gov,Male
513,Rachel,Oldham,roldhame8@jalbum.net,Female
514,Ingar,Wolverson,iwolversone9@ustream.tv,Male
515,Halette,Teodoro,hteodoroea@diigo.com,Female
516,Nathaniel,Philcott,nphilcotteb@msn.com,Male
517,Bertie,Jurasek,bjurasekec@feedburner.com,Male
518,Gottfried,Bollini,gbollinied@furl.net,Male
519,Janel,Card,jcardee@unicef.org,Female
520,Darcey,Dellenbach,ddellenbachef@cloudflare.com,Female
521,Aleece,Assinder,aassindereg@parallels.com,Female
522,Nicolais,Mousdall,nmousdalleh@linkedin.com,Male
523,Caprice,Hurne,churneei@histats.com,Female
524,Alyosha,Reijmers,areijmersej@nih.gov,Male
525,Dalila,Longfellow,dlongfellowek@yahoo.co.jp,Female
526,Galven,Hartwright,ghartwrightel@examiner.com,Male
527,Winfield,Bungey,wbungeyem@japanpost.jp,Male
528,Dayle,Winchurst,dwinchursten@npr.org,Female
529,Valentin,Bearman,vbearmaneo@mozilla.org,Male
530,Gavra,Heeks,gheeksep@cisco.com,Female
531,Ara,Rubinovici,arubinovicieq@ca.gov,Male
532,Hurlee,Paton,hpatoner@360.cn,Male
533,Rosalie,Russ,rrusses@fema.gov,Female
534,Gae,Toffts,gtofftset@creativecommons.org,Female
535,Rozamond,Eagling,reaglingeu@yolasite.com,Female
536,Janenna,Rymill,jrymillev@unc.edu,Female
537,Brina,Bick,bbickew@google.com,Female
538,Iggy,Hoyte,ihoyteex@umich.edu,Male
539,Glennie,De la Barre,gdelabarreey@ow.ly,Female
540,Cindee,Plott,cplottez@twitter.com,Female
541,Veradis,Glisane,vglisanef0@unesco.org,Female
542,Matthew,Casaroli,mcasarolif1@dropbox.com,Male
543,Tye,Streets,tstreetsf2@independent.co.uk,Male
544,Fabien,Shord,fshordf3@berkeley.edu,Male
545,Krispin,Marrian,kmarrianf4@google.cn,Male
546,Valerie,Stratz,vstratzf5@google.com,Female
547,Marget,Aires,mairesf6@wordpress.com,Female
548,Bobbette,Uren,burenf7@howstuffworks.com,Female
549,Neale,Lawfull,nlawfullf8@boston.com,Male
550,Paulina,O'Fergus,pofergusf9@google.it,Female
551,Kare,Lenaghen,klenaghenfa@rediff.com,Female
552,Dallis,Bromige,dbromigefb@etsy.com,Male
553,Stuart,Lowen,slowenfc@si.edu,Male
554,Matthew,Hazzard,mhazzardfd@wisc.edu,Male
555,Evangeline,Giorgielli,egiorgiellife@earthlink.net,Female
556,Bailie,Oxenbury,boxenburyff@plala.or.jp,Male
557,Jori,Fantonetti,jfantonettifg@fda.gov,Female
558,Maxie,MacAlroy,mmacalroyfh@stumbleupon.com,Male
559,Donny,Peat,dpeatfi@newyorker.com,Male
560,Reinwald,Lowthorpe,rlowthorpefj@ed.gov,Male
561,Ernest,Fishly,efishlyfk@ucoz.ru,Male
562,Lynnelle,Nockalls,lnockallsfl@photobucket.com,Female
563,Roseline,Turfs,rturfsfm@wunderground.com,Female
564,Nance,Osmon,nosmonfn@oracle.com,Female
565,Hollie,Creany,hcreanyfo@dagondesign.com,Female
566,Shanon,Carette,scarettefp@fema.gov,Female
567,Emmalee,Tartt,etarttfq@bandcamp.com,Female
568,Husein,Stonebanks,hstonebanksfr@github.com,Male
569,Berti,Giacobbo,bgiacobbofs@aboutads.info,Male
570,Lorine,De la Yglesia,ldelayglesiaft@google.ru,Female
571,Maurita,Carlill,mcarlillfu@engadget.com,Female
572,Frederigo,Hulcoop,fhulcoopfv@icio.us,Male
573,Conn,Pinckard,cpinckardfw@foxnews.com,Male
574,Midge,Levee,mleveefx@state.gov,Female
575,Dolf,Ortas,dortasfy@storify.com,Male
576,Tessy,Cornthwaite,tcornthwaitefz@cafepress.com,Female
577,Roxanne,Coudray,rcoudrayg0@squidoo.com,Female
578,James,Tanswell,jtanswellg1@alexa.com,Male
579,Corabella,Ellick,cellickg2@pcworld.com,Female
580,Hillary,Stenhouse,hstenhouseg3@blogger.com,Female
581,Karalynn,Sperrett,ksperrettg4@google.cn,Female
582,Rudolph,Lerway,rlerwayg5@wiley.com,Male
583,Aubert,Orable,aorableg6@epa.gov,Male
584,Selina,Bellanger,sbellangerg7@ehow.com,Female
585,Kimball,Meriton,kmeritong8@nasa.gov,Male
586,Rayshell,Bowcock,rbowcockg9@archive.org,Female
587,Berkie,Spellworth,bspellworthga@nydailynews.com,Male
588,Florri,Spitell,fspitellgb@ibm.com,Female
589,Weston,Goom,wgoomgc@icio.us,Male
590,Denver,Del Castello,ddelcastellogd@psu.edu,Male
591,Danika,Penrith,dpenrithge@vimeo.com,Female
592,Robbi,Fordy,rfordygf@wisc.edu,Female
593,Kelsey,Cully,kcullygg@bing.com,Female
594,Inness,McOrkil,imcorkilgh@storify.com,Male
595,Fonz,Barcke,fbarckegi@rakuten.co.jp,Male
596,Erich,Baysting,ebaystinggj@si.edu,Male
597,Shelagh,Fair,sfairgk@imgur.com,Female
598,Leola,Kerby,lkerbygl@ox.ac.uk,Female
599,Burk,Huzzay,bhuzzaygm@infoseek.co.jp,Male
600,Damon,Severns,dsevernsgn@sakura.ne.jp,Male
601,Annamarie,Leftbridge,aleftbridgego@java.com,Female
602,Claudine,Steven,cstevengp@altervista.org,Female
603,Web,Haversham,whavershamgq@phpbb.com,Male
604,Gardiner,Stiven,gstivengr@google.cn,Male
605,Ritchie,Skoggins,rskogginsgs@marriott.com,Male
606,Thebault,Klassmann,tklassmanngt@weather.com,Male
607,Schuyler,Fosdike,sfosdikegu@boston.com,Male
608,Del,Bruff,dbruffgv@dailymail.co.uk,Male
609,Jervis,Smetoun,jsmetoungw@smugmug.com,Male
610,Lanny,Othick,lothickgx@jimdo.com,Male
611,Graham,Bredes,gbredesgy@huffingtonpost.com,Male
612,Vidovic,Alp,valpgz@ihg.com,Male
613,Cyrille,Gomm,cgommh0@feedburner.com,Male
614,Neilla,Semkins,nsemkinsh1@ted.com,Female
615,Marven,Knapton,mknaptonh2@sbwire.com,Male
616,Lorne,Merrin,lmerrinh3@miitbeian.gov.cn,Female
617,Leontyne,Rudolf,lrudolfh4@auda.org.au,Female
618,Melany,Velez,mvelezh5@uiuc.edu,Female
619,Deina,Eul,deulh6@wufoo.com,Female
620,Zahara,Escalante,zescalanteh7@posterous.com,Female
621,Carly,Spry,cspryh8@google.de,Female
622,Gaultiero,Abbyss,gabbyssh9@bbc.co.uk,Male
623,Tammy,McColl,tmccollha@cisco.com,Male
624,Yevette,Gladwin,ygladwinhb@biblegateway.com,Female
625,Doretta,Riddock,driddockhc@disqus.com,Female
626,Romeo,Rosenstengel,rrosenstengelhd@mashable.com,Male
627,Dominick,Scotts,dscottshe@devhub.com,Male
628,Osbourn,Guild,oguildhf@google.com,Male
629,Peter,Trumble,ptrumblehg@google.ca,Male
630,Spenser,Charsley,scharsleyhh@51.la,Male
631,Jeanine,Patullo,jpatullohi@home.pl,Female
632,Ardith,Biner,abinerhj@google.ru,Female
633,Korrie,Lovelace,klovelacehk@bing.com,Female
634,Sonia,Spoor,sspoorhl@slideshare.net,Female
635,Pierrette,Olyfat,polyfathm@t-online.de,Female
636,Toma,Youson,tyousonhn@ovh.net,Female
637,Inessa,Cowerd,icowerdho@buzzfeed.com,Female
638,Poul,Prover,pproverhp@omniture.com,Male
639,Brewer,Giovanitti,bgiovanittihq@china.com.cn,Male
640,Winne,Soares,wsoareshr@de.vu,Female
641,Elsinore,Brawson,ebrawsonhs@miibeian.gov.cn,Female
642,Justus,Foakes,jfoakesht@deliciousdays.com,Male
643,Brook,Truse,btrusehu@tripadvisor.com,Female
644,Sibella,Welsh,swelshhv@trellian.com,Female
645,Bevon,Carwithim,bcarwithimhw@auda.org.au,Male
646,Evangeline,Dacombe,edacombehx@goodreads.com,Female
647,Angeline,Shilito,ashilitohy@ed.gov,Female
648,Hershel,MacWhirter,hmacwhirterhz@linkedin.com,Male
649,Den,Vogeller,dvogelleri0@posterous.com,Male
650,Kevyn,Van Velde,kvanveldei1@pinterest.com,Female
651,Margalo,Dohrmann,mdohrmanni2@princeton.edu,Female
652,Alicea,Treweke,atrewekei3@miitbeian.gov.cn,Female
653,Nissa,Gisburn,ngisburni4@cbslocal.com,Female
654,Mickie,Jacobowits,mjacobowitsi5@mayoclinic.com,Female
655,Shandra,Morgue,smorguei6@cisco.com,Female
656,Davy,Millbank,dmillbanki7@xinhuanet.com,Male
657,Oneida,Richardon,orichardoni8@addtoany.com,Female
658,Devan,MacGee,dmacgeei9@netscape.com,Female
659,Brandy,Chatan,bchatania@unblog.fr,Female
660,Lukas,Hanscombe,lhanscombeib@home.pl,Male
661,Neddie,Bolus,nbolusic@discuz.net,Male
662,Clari,Le Houx,clehouxid@angelfire.com,Female
663,Timmy,Blakeney,tblakeneyie@scribd.com,Male
664,Alix,Giacomucci,agiacomucciif@webnode.com,Male
665,Gweneth,Giorgietto,ggiorgiettoig@newyorker.com,Female
666,Lise,Heal,lhealih@mlb.com,Female
667,Homere,Bispham,hbisphamii@symantec.com,Male
668,Gaven,Goacher,ggoacherij@cnn.com,Male
669,Josiah,Derisly,jderislyik@homestead.com,Male
670,Franciskus,Richold,fricholdil@go.com,Male
671,Erny,Leach,eleachim@livejournal.com,Male
672,Garnette,Beeckx,gbeeckxin@quantcast.com,Female
673,Biron,Ffoulkes,bffoulkesio@pagesperso-orange.fr,Male
674,Carrissa,Burke,cburkeip@themeforest.net,Female
675,Krissy,Meir,kmeiriq@japanpost.jp,Female
676,Agna,Fallens,afallensir@naver.com,Female
677,Noelle,Soall,nsoallis@comcast.net,Female
678,Jerome,Impey,jimpeyit@psu.edu,Male
679,Mattie,Iffe,miffeiu@acquirethisname.com,Female
680,Lombard,Lawrie,llawrieiv@theguardian.com,Male
681,Zack,Buncombe,zbuncombeiw@oracle.com,Male
682,Barbette,Joye,bjoyeix@mac.com,Female
683,Johnny,Donke,jdonkeiy@wikia.com,Male
684,Kayle,Brightman,kbrightmaniz@moonfruit.com,Female
685,Charity,Blouet,cblouetj0@google.cn,Female
686,Clevie,Beet,cbeetj1@smugmug.com,Male
687,Zeke,Bechley,zbechleyj2@meetup.com,Male
688,Drucie,Grossier,dgrossierj3@unblog.fr,Female
689,Gaynor,Chamley,gchamleyj4@mtv.com,Female
690,Natalee,Wincott,nwincottj5@admin.ch,Female
691,Kelcy,Bengoechea,kbengoecheaj6@comcast.net,Female
692,Daryl,Thompsett,dthompsettj7@scientificamerican.com,Male
693,Nissa,Heavy,nheavyj8@google.cn,Female
694,Starr,Lamplough,slamploughj9@nhs.uk,Female
695,Eveleen,Watmore,ewatmoreja@pagesperso-orange.fr,Female
696,Henrietta,Featherstonhalgh,hfeatherstonhalghjb@gov.uk,Female
697,Nicolle,Sherrell,nsherrelljc@yelp.com,Female
698,Ransom,Vahey,rvaheyjd@opera.com,Male
699,Evered,Worsnop,eworsnopje@simplemachines.org,Male
700,Liam,Whorton,lwhortonjf@godaddy.com,Male
701,Ermina,Lilion,elilionjg@bigcartel.com,Female
702,Clemmy,Beardon,cbeardonjh@who.int,Male
703,Nat,McFarlane,nmcfarlaneji@networksolutions.com,Male
704,Averil,Hellin,ahellinjj@nih.gov,Female
705,Bendite,Davidovits,bdavidovitsjk@google.fr,Female
706,Bartie,Cicetti,bcicettijl@webmd.com,Male
707,Blythe,Westcar,bwestcarjm@tinypic.com,Female
708,Kerr,Abadam,kabadamjn@nydailynews.com,Male
709,Dehlia,Roadnight,droadnightjo@youtu.be,Female
710,Flynn,Gowanson,fgowansonjp@archive.org,Male
711,Reynolds,Riep,rriepjq@blogspot.com,Male
712,Halimeda,Laurence,hlaurencejr@epa.gov,Female
713,Vilma,Watford,vwatfordjs@histats.com,Female
714,Maye,O'Tierney,motierneyjt@squarespace.com,Female
715,Shannah,Fayerbrother,sfayerbrotherju@oakley.com,Female
716,Herschel,Torres,htorresjv@dropbox.com,Male
717,Constantin,Giacopelo,cgiacopelojw@mapy.cz,Male
718,Gayleen,Randlesome,grandlesomejx@merriam-webster.com,Female
719,Fina,Winram,fwinramjy@cam.ac.uk,Female
720,Trisha,Melsome,tmelsomejz@technorati.com,Female
721,Wain,Khristyukhin,wkhristyukhink0@wiley.com,Male
722,Hertha,Curragh,hcurraghk1@storify.com,Female
723,Raimundo,Bente,rbentek2@google.nl,Male
724,Holmes,Hodcroft,hhodcroftk3@go.com,Male
725,Catherine,Oxe,coxek4@weibo.com,Female
726,Chelsie,Micklewright,cmicklewrightk5@tripod.com,Female
727,Cecilius,Haggith,chaggithk6@sogou.com,Male
728,Daren,Nash,dnashk7@wordpress.org,Male
729,Kimmi,Oldam,koldamk8@so-net.ne.jp,Female
730,Lydia,Cubitt,lcubittk9@pbs.org,Female
731,Ferrell,Lade,fladeka@privacy.gov.au,Male
732,Guthrie,McGrann,gmcgrannkb@flavors.me,Male
733,Dulcy,Diben,ddibenkc@redcross.org,Female
734,Dur,d' Elboux,ddelbouxkd@usgs.gov,Male
735,Thatch,Parradice,tparradiceke@craigslist.org,Male
736,Genevra,Ickeringill,gickeringillkf@usgs.gov,Female
737,Devora,Pichmann,dpichmannkg@hibu.com,Female
738,Gardie,Thorbon,gthorbonkh@icio.us,Male
739,Winnie,Epsly,wepslyki@artisteer.com,Female
740,Brana,Durn,bdurnkj@aol.com,Female
741,Fairleigh,Coode,fcoodekk@ifeng.com,Male
742,Brien,Le Teve,bletevekl@hatena.ne.jp,Male
743,Alexia,Dugdale,adugdalekm@naver.com,Female
744,Farah,Divisek,fdivisekkn@nasa.gov,Female
745,Ninon,Benge,nbengeko@ezinearticles.com,Female
746,Chucho,Asquez,casquezkp@epa.gov,Male
747,Kathi,Tompkinson,ktompkinsonkq@fema.gov,Female
748,Gaspard,Fabry,gfabrykr@creativecommons.org,Male
749,Tatiana,Runcieman,trunciemanks@example.com,Female
750,Claudianus,Casley,ccasleykt@pen.io,Male
751,Orsa,Hilland,ohillandku@dailymail.co.uk,Female
752,Jules,Epdell,jepdellkv@prlog.org,Male
753,Patricio,Drowsfield,pdrowsfieldkw@amazon.de,Male
754,Rora,Asif,rasifkx@slashdot.org,Female
755,Trudie,Bresland,tbreslandky@umich.edu,Female
756,Milicent,Brigg,mbriggkz@nbcnews.com,Female
757,Theodore,Fincher,tfincherl0@statcounter.com,Male
758,Kaile,MacBey,kmacbeyl1@elpais.com,Female
759,Trisha,Eastridge,teastridgel2@utexas.edu,Female
760,Raymund,Eul,reull3@webnode.com,Male
761,Antoine,Gonoude,agonoudel4@examiner.com,Male
762,Tarrance,Fruen,tfruenl5@mozilla.com,Male
763,Karlan,Dozdill,kdozdilll6@smugmug.com,Male
764,Mariette,Oglethorpe,moglethorpel7@ca.gov,Female
765,Son,Rollett,srollettl8@ihg.com,Male
766,Carver,Feltham,cfelthaml9@cbslocal.com,Male
767,Aaron,Exer,aexerla@google.cn,Male
768,Minni,Fernanando,mfernanandolb@yahoo.com,Female
769,Emmaline,Shepherd,eshepherdlc@google.es,Female
770,Englebert,Audley,eaudleyld@desdev.cn,Male
771,Alberta,McMains,amcmainsle@godaddy.com,Female
772,Andree,Davern,adavernlf@cbsnews.com,Female
773,Anallese,Dearlove,adearlovelg@ed.gov,Female
774,Claudetta,Ravenshaw,cravenshawlh@liveinternet.ru,Female
775,Jessee,Bacup,jbacupli@google.pl,Male
776,Raymond,Gowar,rgowarlj@senate.gov,Male
777,Yorgo,Geraudel,ygeraudellk@newsvine.com,Male
778,Ricky,Gammell,rgammellll@vimeo.com,Male
779,Boonie,Chettle,bchettlelm@techcrunch.com,Male
780,Hartley,McCoish,hmccoishln@barnesandnoble.com,Male
781,Beau,Bosomworth,bbosomworthlo@mlb.com,Male
782,Christabel,MacNeilley,cmacneilleylp@shareasale.com,Female
783,Kessiah,Folini,kfolinilq@hp.com,Female
784,Brodie,Rivilis,brivilislr@businessinsider.com,Male
785,Kandy,Vodden,kvoddenls@prnewswire.com,Female
786,Daune,Toffts,dtofftslt@craigslist.org,Female
787,Moshe,Taffarello,mtaffarellolu@census.gov,Male
788,Rafaello,Stevings,rstevingslv@dot.gov,Male
789,Arnie,Astin,aastinlw@dot.gov,Male
790,Yettie,Norssister,ynorssisterlx@hp.com,Female
791,Agnese,Potell,apotellly@netlog.com,Female
792,Adriana,Tuberfield,atuberfieldlz@alexa.com,Female
793,Philippa,Hurst,phurstm0@nytimes.com,Female
794,Donall,Gadsdon,dgadsdonm1@npr.org,Male
795,Wendy,McTerrelly,wmcterrellym2@plala.or.jp,Female
796,Hurleigh,Farney,hfarneym3@wordpress.com,Male
797,Frazer,Jepp,fjeppm4@simplemachines.org,Male
798,Angele,Stonman,astonmanm5@disqus.com,Female
799,Jo ann,Scrimgeour,jscrimgeourm6@ask.com,Female
800,Rheta,Eronie,reroniem7@ftc.gov,Female
801,Malanie,Linch,mlinchm8@vistaprint.com,Female
802,Page,Kretschmer,pkretschmerm9@about.com,Female
803,Kristyn,Heaford,kheafordma@yellowpages.com,Female
804,Sandro,Gleeton,sgleetonmb@theatlantic.com,Male
805,Maison,Gratrix,mgratrixmc@qq.com,Male
806,Nyssa,Leyzell,nleyzellmd@kickstarter.com,Female
807,Glynnis,Tortoise,gtortoiseme@hud.gov,Female
808,Maurice,Wickersham,mwickershammf@oakley.com,Male
809,Barri,Alan,balanmg@ocn.ne.jp,Male
810,Regen,Domone,rdomonemh@dyndns.org,Male
811,Torie,Frushard,tfrushardmi@uol.com.br,Female
812,Shem,Grogona,sgrogonamj@hostgator.com,Male
813,Putnem,Schoolcroft,pschoolcroftmk@cbc.ca,Male
814,Kala,Suffield,ksuffieldml@moonfruit.com,Female
815,Angele,Issit,aissitmm@networkadvertising.org,Female
816,Barrie,Hayzer,bhayzermn@noaa.gov,Male
817,Gan,Aisbett,gaisbettmo@issuu.com,Male
818,Svend,Kores,skoresmp@japanpost.jp,Male
819,Janel,Sprey,jspreymq@xinhuanet.com,Female
820,Theodoric,Pethick,tpethickmr@mail.ru,Male
821,Teresina,Rosone,trosonems@ycombinator.com,Female
822,Willyt,Petrovykh,wpetrovykhmt@phpbb.com,Female
823,Ricardo,Blemen,rblemenmu@phoca.cz,Male
824,Kendrick,Boik,kboikmv@globo.com,Male
825,Ban,Dannatt,bdannattmw@phpbb.com,Male
826,Felisha,Corris,fcorrismx@edublogs.org,Female
827,Christos,Polleye,cpolleyemy@newyorker.com,Male
828,Desmond,Barten,dbartenmz@wikia.com,Male
829,Lolly,Zanazzi,lzanazzin0@wired.com,Female
830,Gabbi,Clifforth,gclifforthn1@unesco.org,Female
831,Jeniece,Montague,jmontaguen2@hibu.com,Female
832,Colet,Cafferty,ccaffertyn3@imdb.com,Male
833,Thorndike,Lamborn,tlambornn4@wunderground.com,Male
834,Erena,Dyers,edyersn5@tripadvisor.com,Female
835,Weston,Champken,wchampkenn6@dropbox.com,Male
836,Julina,Kops,jkopsn7@netlog.com,Female
837,Wat,McLewd,wmclewdn8@yellowpages.com,Male
838,Micaela,McKennan,mmckennann9@youtu.be,Female
839,Agosto,Scain,ascainna@xing.com,Male
840,Shir,Lapthorne,slapthornenb@hexun.com,Female
841,Natala,Gladdolph,ngladdolphnc@purevolume.com,Female
842,Hannah,Allnutt,hallnuttnd@theguardian.com,Female
843,Umeko,Rentoll,urentollne@constantcontact.com,Female
844,Anet,Van Der Vlies,avandervliesnf@a8.net,Female
845,Luise,Oram,loramng@youku.com,Female
846,Raquel,Rosina,rrosinanh@buzzfeed.com,Female
847,Candida,Goskar,cgoskarni@deliciousdays.com,Female
848,Randene,Gateshill,rgateshillnj@cpanel.net,Female
849,Purcell,Dowe,pdowenk@xinhuanet.com,Male
850,Newton,McKevin,nmckevinnl@smugmug.com,Male
851,Spense,Yeardley,syeardleynm@php.net,Male
852,Tod,McGuff,tmcguffnn@acquirethisname.com,Male
853,Ronnica,Foxten,rfoxtenno@moonfruit.com,Female
854,Cinnamon,Grix,cgrixnp@blogger.com,Female
855,Sigismund,Burbank,sburbanknq@newyorker.com,Male
856,Katrina,Gier,kgiernr@army.mil,Female
857,Johnny,Tinkham,jtinkhamns@newyorker.com,Male
858,Vincenty,Ramage,vramagent@mediafire.com,Male
859,Jeffie,Maggs,jmaggsnu@wordpress.com,Male
860,Geno,Heaney`,gheaneynv@tumblr.com,Male
861,Wrennie,Brawn,wbrawnnw@forbes.com,Female
862,Grant,Flawn,gflawnnx@nasa.gov,Male
863,Katharyn,Turban,kturbanny@com.com,Female
864,Maurizia,Kellart,mkellartnz@aboutads.info,Female
865,Chen,Izkovicz,cizkoviczo0@dell.com,Male
866,Dalis,Fairholme,dfairholmeo1@uol.com.br,Male
867,Frannie,Gynni,fgynnio2@ask.com,Female
868,Valma,Dupree,vdupreeo3@timesonline.co.uk,Female
869,Carlene,Elvidge,celvidgeo4@squarespace.com,Female
870,Niccolo,Roxburch,nroxburcho5@ocn.ne.jp,Male
871,Rowena,Duggen,rduggeno6@weather.com,Female
872,Fredric,Devey,fdeveyo7@mozilla.org,Male
873,Jana,Niezen,jniezeno8@netscape.com,Female
874,Lanna,Castellino,lcastellinoo9@wikipedia.org,Female
875,Aksel,McCoughan,amccoughanoa@soundcloud.com,Male
876,Dar,Cresser,dcresserob@addtoany.com,Male
877,Gusella,Strippel,gstrippeloc@nba.com,Female
878,Constance,Dahl,cdahlod@bing.com,Female
879,Fedora,McMyler,fmcmyleroe@deliciousdays.com,Female
880,Esmaria,Woollons,ewoollonsof@intel.com,Female
881,Victor,McLardie,vmclardieog@slate.com,Male
882,Chaddy,Duggon,cduggonoh@canalblog.com,Male
883,Timmi,Sacaze,tsacazeoi@springer.com,Female
884,Lanna,Gregoire,lgregoireoj@answers.com,Female
885,Sayer,Strutton,sstruttonok@mozilla.com,Male
886,Jorge,Southern,jsouthernol@earthlink.net,Male
887,Neala,Sacks,nsacksom@surveymonkey.com,Female
888,Maxi,Fynn,mfynnon@shinystat.com,Female
889,Gwenora,Dusting,gdustingoo@freewebs.com,Female
890,Neils,Anstead,nansteadop@hugedomains.com,Male
891,Titos,Stonard,tstonardoq@chron.com,Male
892,Elyn,O'Dogherty,eodoghertyor@seattletimes.com,Female
893,Uta,Clegg,ucleggos@amazon.com,Female
894,Tulley,Hedger,thedgerot@examiner.com,Male
895,Austina,Stollmeyer,astollmeyerou@ning.com,Female
896,Rad,Lammas,rlammasov@cpanel.net,Male
897,Teddy,Espinosa,tespinosaow@irs.gov,Male
898,Shelden,O'Griffin,sogriffinox@shop-pro.jp,Male
899,Poul,Semmens,psemmensoy@slideshare.net,Male
900,Winfield,Perone,wperoneoz@shareasale.com,Male
901,Barrett,Witcomb,bwitcombp0@dagondesign.com,Male
902,Lelia,Rapi,lrapip1@hc360.com,Female
903,Fitz,Doley,fdoleyp2@cargocollective.com,Male
904,Jaquenetta,Vasyutochkin,jvasyutochkinp3@shinystat.com,Female
905,Ulrica,Hurrell,uhurrellp4@51.la,Female
906,Beverie,Billany,bbillanyp5@photobucket.com,Female
907,Elbert,Haggleton,ehaggletonp6@hibu.com,Male
908,Lisabeth,Yurinov,lyurinovp7@wordpress.org,Female
909,Tessi,Ingilson,tingilsonp8@1688.com,Female
910,Manda,Brunsdon,mbrunsdonp9@utexas.edu,Female
911,Malina,Kyles,mkylespa@dedecms.com,Female
912,Brunhilde,Croster,bcrosterpb@bloglines.com,Female
913,Jemima,Bogart,jbogartpc@arizona.edu,Female
914,Kaine,Culbert,kculbertpd@noaa.gov,Male
915,Alana,Scud,ascudpe@sciencedaily.com,Female
916,Casar,Attwill,cattwillpf@usda.gov,Male
917,Dorian,Hutchens,dhutchenspg@mail.ru,Female
918,Hyman,Snooks,hsnooksph@people.com.cn,Male
919,Audrye,Bugler,abuglerpi@twitpic.com,Female
920,Eric,Challinor,echallinorpj@ucsd.edu,Male
921,Meaghan,McRae,mmcraepk@mayoclinic.com,Female
922,Bobbie,Colbertson,bcolbertsonpl@acquirethisname.com,Female
923,Nealon,Reaney,nreaneypm@ucoz.com,Male
924,Bevvy,McGinly,bmcginlypn@lycos.com,Female
925,Elli,Hunn,ehunnpo@un.org,Female
926,Chico,Roll,crollpp@marriott.com,Male
927,Hilde,Cauthra,hcauthrapq@dailymail.co.uk,Female
928,Auguste,Dunsmuir,adunsmuirpr@nyu.edu,Female
929,Lamar,Wisden,lwisdenps@chron.com,Male
930,Clerkclaude,Guerin,cguerinpt@youtu.be,Male
931,Chelsie,Dunnet,cdunnetpu@cornell.edu,Female
932,Celisse,Bourhill,cbourhillpv@barnesandnoble.com,Female
933,Beauregard,Piggens,bpiggenspw@facebook.com,Male
934,Clerissa,Eustice,ceusticepx@icio.us,Female
935,Derick,Domenc,ddomencpy@accuweather.com,Male
936,Tabbatha,Wingham,twinghampz@squidoo.com,Female
937,Florencia,Leggatt,fleggattq0@php.net,Female
938,Timothy,Labuschagne,tlabuschagneq1@npr.org,Male
939,Chico,Teresi,cteresiq2@apple.com,Male
940,Bronnie,Sparkwell,bsparkwellq3@4shared.com,Male
941,Eli,Beckley,ebeckleyq4@apache.org,Male
942,Britt,Mainds,bmaindsq5@soup.io,Male
943,Tommi,Van der Velden,tvanderveldenq6@printfriendly.com,Female
944,Caryl,McUre,cmcureq7@google.co.jp,Male
945,Tallia,Moye,tmoyeq8@51.la,Female
946,Scarface,Waterfall,swaterfallq9@time.com,Male
947,Lawry,Baddeley,lbaddeleyqa@aboutads.info,Male
948,Bev,Covotti,bcovottiqb@sitemeter.com,Female
949,Calv,Burriss,cburrissqc@technorati.com,Male
950,Christine,Hasluck,chasluckqd@wikimedia.org,Female
951,Brose,O'Heffernan,boheffernanqe@cyberchimps.com,Male
952,Filmore,Gerriet,fgerrietqf@nbcnews.com,Male
953,Debbie,Dyers,ddyersqg@cisco.com,Female
954,Aluino,Wastell,awastellqh@phoca.cz,Male
955,Mahmoud,Neward,mnewardqi@uiuc.edu,Male
956,Jerri,Entres,jentresqj@utexas.edu,Male
957,Melania,Morffew,mmorffewqk@blogspot.com,Female
958,Gordie,Yosifov,gyosifovql@plala.or.jp,Male
959,Ave,Govini,agoviniqm@narod.ru,Male
960,Butch,Tubbles,btubblesqn@huffingtonpost.com,Male
961,Tomkin,Mahaddie,tmahaddieqo@over-blog.com,Male
962,Carmine,Kingsworth,ckingsworthqp@google.com.au,Male
963,Brandie,Godsell,bgodsellqq@slideshare.net,Female
964,Bartel,Lassetter,blassetterqr@hostgator.com,Male
965,Coriss,Clixby,cclixbyqs@chron.com,Female
966,Lenka,Pinnegar,lpinnegarqt@istockphoto.com,Female
967,Lise,Wooller,lwoollerqu@cornell.edu,Female
968,Clio,London,clondonqv@hao123.com,Female
969,Connie,Kleint,ckleintqw@google.com.hk,Female
970,Fara,Clay,fclayqx@cnn.com,Female
971,Herbert,Garnsworth,hgarnsworthqy@pen.io,Male
972,Loy,Hawtin,lhawtinqz@mit.edu,Male
973,Cathy,Ondrousek,condrousekr0@ucoz.com,Female
974,Laraine,Ditt,ldittr1@mashable.com,Female
975,Rolph,Everitt,reverittr2@clickbank.net,Male
976,Renee,Champneys,rchampneysr3@hibu.com,Female
977,Ricki,O'Hartagan,rohartaganr4@buzzfeed.com,Female
978,Jermain,Petticrow,jpetticrowr5@pen.io,Male
979,Dinny,Gorton,dgortonr6@google.com,Female
980,Michel,Ethelston,methelstonr7@discovery.com,Female
981,Tommi,Watman,twatmanr8@nyu.edu,Female
982,Moore,Edlin,medlinr9@livejournal.com,Male
983,Nicolea,Petracek,npetracekra@oaic.gov.au,Female
984,Nicoli,Mont,nmontrb@epa.gov,Female
985,Jeana,Haking,jhakingrc@globo.com,Female
986,Teena,Hedman,thedmanrd@creativecommons.org,Female
987,Osbourne,MacUchadair,omacuchadairre@ifeng.com,Male
988,Leontine,Weymont,lweymontrf@engadget.com,Female
989,Gigi,Panter,gpanterrg@geocities.com,Female
990,Byrom,Lethabridge,blethabridgerh@arizona.edu,Male
991,Cosmo,Chastanet,cchastanetri@eventbrite.com,Male
992,Port,Watts,pwattsrj@who.int,Male
993,Everard,Rubenchik,erubenchikrk@fastcompany.com,Male
994,Yorker,Santostefano.,ysantostefanorl@hc360.com,Male
995,Rebecka,Arondel,rarondelrm@nih.gov,Female
996,Georgeanna,Kowal,gkowalrn@usgs.gov,Female
997,Christen,Gamon,cgamonro@umich.edu,Female
998,Clim,Rivelon,crivelonrp@gravatar.com,Male
999,Reidar,Leech,rleechrq@businesswire.com,Male
1000,Gordie,Caple,gcaplerr@plala.or.jp,Male
