id,name,last_name,email,gender
1,Lanita,Maraga,lmaraga0@bloglines.com,Female
2,Joleen,Lamburne,jlamburne1@mapy.cz,Female
3,Joseph,Ranahan,jranahan2@taobao.com,Male
4,Deva,Blaker,dblaker3@bandcamp.com,Female
5,Irving,Picott,ipicott4@cbsnews.com,Male
6,Garrott,Fieldgate,gfieldgate5@nba.com,Male
7,Willie,Gee,wgee6@telegraph.co.uk,Female
8,Sully,,scolqueran7@ed.gov,Male
9,Jason,Kidstone,jkidstone8@wp.com,Male
10,Bobinette,Hernik,bhernik9@creativecommons.org,Female
