id,name,last_name,email,gender
11,Elle,Petrov,epetrova@state.tx.us,Female
12,Angie,Lancley,alancleyb@prlog.org,Male
13,Stephan,Emma,semmac@webnode.com,Male
14,Rand,Baigent,rbaigentd@squidoo.com,Male
15,Alfonso,Eliasson,aeliassone@disqus.com,Male
16,Sloan,Tremayle,,Male
17,Ginnie,Harper,gharperg@omniture.com,Female
18,Tabbatha,Harte,tharteh@amazon.com,Female
19,Rafaello,Soldner,rsoldneri@wired.com,Male
20,Bartholomew,Sedge,bsedgej@hubpages.com,Male
